{
  "kappa": 0.060716632299034914,
  "theta": 31.57847508932522,
  "sigma_d": 2.698025702049089,
  "lambda_d": 0.01923957856161246,
  "mu_J": 3.6531484092764455,
  "sig_J": 14.902587312576802,
  "jump_threshold_eps": 10.020961391931596
}