{
  "kappa": 0.06071663229903527,
  "theta": 31.5784750893257,
  "sigma": 3.340320463977199,
  "lambda": 0.01923957856161246,
  "mu_J": 3.653148409276418,
  "sig_J": 14.9025873125768
}